{"sum": 3866623.0, "avr": 157.23092875731945, "sumMD": 16321.0, "avrMD": 153.97169811320754, "sumSD": 17892.0, "avrSD": 168.79245283018867, "max": 284.0, "min": 30.0}